"Marca temporal","1.- Selecciona tu género y rango de edad","","2.- ¿Cuáles son tus ingresos mensuales?","3.- ¿Cuentas con tarjeta de crédito/débito?","4.- ¿Alguna vez has donado a una organización sin fines de lucro?","5.- ¿Con qué frecuencia realizarías una donación?","6.- ¿A través de qué medio de contacto te gustaría realizar tu donación?","7.- ¿A través de qué sistema de pago te gustaría hacer una donación? ","8.- ¿Qué cantidad estarías dispuesto a donar?","9.- A continuación escribe 3 palabras que relaciones con Save The Children:","10.- Respecto al sitio web que visitaste, el mensaje de Save the Children te parece: ","11.- La imagen principal de la página te parece:","12. El proceso de donación de Save the Children te parece: ","13.- De la información que viste en la página ¿Cuál te parece más relevante?","14. Después de tu experiencia con la página de Save the Children ¿Estarías dispuesto a hacer una donación?",""
"2018/03/16 12:50:53 a.m. GMT","Masculino","36 - 45 años","de 10,000 - 15,000","Sí","No","Una sola vez","Sitio Web","Tarjeta de crédito/débito","$500 a $800","oportunidad, apoyo, ayuda","Claro","Poco agradable","Poco claro","¿Qué hace Save The Children México?","Sí","no quiero contestar"
"2018/03/16 2:26:07 a.m. GMT","Femenino","18 - 25 años","de 3,500 - 5,000","No","Si","Una vez al mes","Sitio Web","Tarjeta de crédito/débito","$100 a $300","Caridad, empatía, ayuda ","Claro","Poco agradable","Poco claro","La imagen","No",""
"2018/03/16 2:36:15 a.m. GMT","Masculino","18 - 25 años","de 10,000 - 15,000","Sí","No","Una sola vez","App","Tarjeta de crédito/débito","Menos de $100","Pobreza hambre violencia","Claro","Agradable","Claro","Nuestra historia","No",""
"2018/03/16 2:43:35 a.m. GMT","Masculino","26 - 35 años","Más de 20,000","Sí","No","Una vez al año","App","Tarjeta de crédito/débito","Menos de $100","Pobreza, huérfanos, dinero","Claro","Agradable","Claro","El testimonio","No",""
"2018/03/16 2:46:29 a.m. GMT","Masculino","18 - 25 años","de 3,500 - 5,000","No","Si","Una vez al mes","Cara a cara","Efectivo","$100 a $300","Huérfanos madres-solteras colecta","Poco claro","Desagradable","Nada claro","¿Qué hace Save The Children México?","No",""
"2018/03/16 2:54:02 a.m. GMT","Masculino","26 - 35 años","de 3,500 - 5,000","Sí","Si","Una vez al año","Cara a cara","Efectivo","$300 a $500","Niños, educación apoyo ","Claro","Agradable","Claro","¿Qué hace Save The Children México?","Sí",""
"2018/03/16 2:57:19 a.m. GMT","Masculino","26 - 35 años","de 10,000 - 15,000","Sí","Si","Una sola vez","Sitio Web","Tarjeta de crédito/débito","Menos de $100","Niños, hambre, pobreza","Poco claro","Poco agradable","Poco claro","La imagen","No",""
"2018/03/16 3:07:43 a.m. GMT","Femenino","Más de 55","de 5,000 - 10,000","Sí","Si","Una vez al año","Cara a cara","Efectivo","$100 a $300","Ayuda a niños","Claro","Agradable","Claro","¿Qué hace Save The Children México?","No",""
"2018/03/16 5:18:44 a.m. GMT","Masculino","26 - 35 años","de 10,000 - 15,000","Sí","Si","Una vez al año","Sitio Web","Tarjeta de crédito/débito","Menos de $100","esperanza, organizacion, vida","Claro","Agradable","Claro","¿Cómo utilizamos el dinero?","Sí",""
"2018/03/16 5:59:36 a.m. GMT","Masculino","26 - 35 años","de 3,500 - 5,000","No","No","Una sola vez","Cara a cara","Efectivo","$100 a $300","Altruismo; Compromiso; Seriedad","Claro","Agradable","Claro","¿Qué hace Save The Children México?","Sí",""