"Marca temporal","1.- Seleccione su sexo y rango de edad.","","2.- ¿Cuáles son tus ingresos mensuales?","3.-¿Cuentas con tarjeta de crédito/débito?","4.-¿Alguna vez has donado a una organización sin fines de lucro?","5.-¿Con qué frecuencia realizarías una donación?","6.-¿A través de qué medio de contacto te gustaría realizar tu donación?","7.-¿A través de qué sistema de pago te gustaría hacer una donación? ","8.-¿Qué cantidad estarías dispuesto a donar?","9.-A continuación escribe 3 palabras que relaciones con Save The Children:","10.-Respecto al sitio web que visitaste, el mensaje de Save the Children te parece: ","11.-La imagen principal de la página web te parece:","12.-El proceso de donación de Save the Children te parece: ","13.- De la información que viste en la página web ¿Cuál te parece más relevante?","14.-Después de tu experiencia con la página web de Save the Children ¿Estarías dispuesto a hacer una donación?"
"2018/03/16 4:16:58 a.m. GMT","Femenino","26 - 35 años","de 5,000 - 10,00","Sí","No","Una sola vez","Sitio Web","Tarjeta de crédito/débito","$100 a $300","ayuda, apoyo, niñez","Claro","Poco agradable","Poco claro","¿Cómo utilizamos el dinero?","No"
"2018/03/16 4:19:15 a.m. GMT","Masculino","36 - 45 años","de 10,000 - 15,000","Sí","Sí","Una sola vez","App","Tarjeta de crédito/débito","Menos de $100","ayuda humanitaria, solidaridad, preocupación por los niños","Poco claro","Poco agradable","Poco claro","¿Qué hace Save The Children México?","No"
"2018/03/16 4:30:08 a.m. GMT","Femenino","36 - 45 años","de 5,000 - 10,00","Sí","No","Una vez al mes","App","Tarjeta de crédito/débito","Menos de $100","niños, pobreza, ayuda","Claro","Poco agradable","Claro","La imagen","Sí"
"2018/03/16 4:31:32 a.m. GMT","Masculino","46 - 55 años","de 3,500 - 5,000","No","Sí","Una sola vez","Cara a cara","Efectivo","Menos de $100","","Poco claro","Poco agradable","Poco claro","El formulario","No"
"2018/03/16 4:45:58 a.m. GMT","Masculino","18 - 25 años","de 3,500 - 5,000","No","No","Una sola vez","","Depósito bancario","Menos de $100","","Poco claro","Poco agradable","Poco claro","La imagen","No"
"2018/03/16 4:51:42 a.m. GMT","Masculino","36 - 45 años","de 10,000 - 15,000","Sí","No","","App","Tarjeta de crédito/débito","$100 a $300","","Claro","Agradable","Poco claro","La imagen","No"
"2018/03/16 4:52:55 a.m. GMT","Femenino","26 - 35 años","","No","Sí","Una sola vez","Llamada telefónica","Efectivo","Menos de $100","","Poco claro","Poco agradable","Poco claro","La imagen","No"
"2018/03/16 4:54:56 a.m. GMT","Femenino","26 - 35 años","de 5,000 - 10,00","Sí","Sí","Una vez al mes","App","Tarjeta de crédito/débito","$100 a $300","niños, pobreza, ayuda","Claro","Agradable","Claro","La imagen","Sí"
"2018/03/16 5:06:56 a.m. GMT","Femenino","36 - 45 años","de 10,000 - 15,000","Sí","No","Una sola vez","Sitio Web","Tarjeta de crédito/débito","Menos de $100","ayuda humanitaria","Poco claro","Agradable","Claro","La imagen","Sí"
"2018/03/16 4:13:41 p.m. GMT","Masculino","36 - 45 años","de 15,000 - 20,000","Sí","No","Una sola vez","App","Tarjeta de crédito/débito","$100 a $300","Ayuda Niños Pobreza","Claro","Poco agradable","Claro","¿Cómo utilizamos el dinero?","Sí"
"2018/03/16 5:01:20 p.m. GMT","Masculino","26 - 35 años","de 5,000 - 10,00","No","Sí","Una vez al mes","Cara a cara","Efectivo","Menos de $100","ayuda dinero internacional","Claro","Poco agradable","Poco claro","La imagen","No"
"2018/03/16 5:42:59 p.m. GMT","Femenino","46 - 55 años","de 3,500 - 5,000","Sí","No","Una sola vez","Sitio Web","Depósito bancario","Menos de $100","ayudar, humanidad, alegría ","Claro","Desagradable","Poco claro","El formulario","Sí"
"2018/03/16 7:30:32 p.m. GMT","Femenino","26 - 35 años","de 5,000 - 10,00","Sí","Sí","Una vez al año","App","Tarjeta de crédito/débito","$300 a $500","Protección, acciones y apoyo","Claro","Poco agradable","Claro","¿Qué hace Save The Children México?","Sí"
"2018/03/16 7:39:08 p.m. GMT","Femenino","18 - 25 años","de 15,000 - 20,000","Sí","No","Una sola vez","Sitio Web","Depósito bancario","$100 a $300","niños, catastrofes naturales, donaciones","Poco claro","Agradable","Claro","¿Cómo utilizamos el dinero?","No"